{
  "$schema": "vscode://schemas/color-theme",
  "colors": {
    "activityBar.activeBorder": "#006600",
    "activityBar.background": "#2c2c2c",
    "activityBar.foreground": "#b9b9b9",
    "activityBarBadge.background": "#006600",
    "activityBarBadge.foreground": "#f5fff5",
    "badge.background": "#006600",
    "button.background": "#646464",
    "button.foreground": "#d5d5d5",
    "button.hoverBackground": "#565656",
    "button.secondaryBackground": "#565656",
    "button.secondaryForeground": "#c7c7c7",
    "commandCenter.background": "#3a3a3a",
    "commandCenter.border": "#2c2c2c",
    "debugToolBar.background": "#646464",
    "diffEditor.insertedTextBackground": "#00660033",
    "disabledForeground": "#8e8e8e",
    "dropdown.background": "#3a3a3a",
    "dropdown.border": "#2c2c2c",
    "editor.background": "#2c2c2c",
    "editor.findMatchBackground": "#484848",
    "editor.findMatchBorder": "#53ac53",
    "editor.findMatchHighlightBackground": "#56565677",
    "editor.foldBackground": "#0066001f",
    "editor.foreground": "#cbcbcb",
    "editor.inlineValuesBackground": "#c3ab8555",
    "editor.inlineValuesForeground": "#d5d5d5",
    "editor.lineHighlightBackground": "#56565677",
    "editor.selectionBackground": "#72727299",
    "editor.selectionHighlightBackground": "#48484877",
    "editor.selectionHighlightBorder": "#808080",
    "editor.wordHighlightBackground": "#3a3a3a77",
    "editor.wordHighlightBorder": "#727272",
    "editor.wordHighlightStrongBackground": "#c7c7c722",
    "editor.wordHighlightStrongBorder": "#8e8e8e",
    "editorBracketHighlight.foreground1": "#e0e0b8",
    "editorBracketHighlight.foreground2": "#eea0e5",
    "editorBracketHighlight.foreground3": "#b8e0c8",
    "editorBracketHighlight.foreground4": "#d1b485",
    "editorBracketHighlight.foreground5": "#80caff",
    "editorBracketHighlight.foreground6": "#fc9cc4",
    "editorBracketHighlight.unexpectedBracket.foreground": "#ff7575",
    "editorBracketMatch.background": "#727272",
    "editorBracketMatch.border": "#727272",
    "editorCursor.background": "#3a3a3a",
    "editorCursor.foreground": "#f1f1f1",
    "editorError.background": "#ff757533",
    "editorError.foreground": "#ff7575",
    "editorGroup.border": "#2c2c2c",
    "editorGroupHeader.tabsBackground": "#2c2c2c",
    "editorHoverWidget.background": "#484848",
    "editorHoverWidget.border": "#2c2c2c",
    "editorIndentGuide.activeBackground": "#53ac53",
    "editorIndentGuide.background": "#565656",
    "editorInfo.background": "#02cad433",
    "editorInfo.foreground": "#02cad4",
    "editorLightBulb.foreground": "#f1836f",
    "editorLightBulbAutoFix.foreground": "#f2f28c",
    "editorLineNumber.activeForeground": "#b9b9b9",
    "editorLineNumber.foreground": "#727272",
    "editorMarkerNavigation.background": "#484848",
    "editorOverviewRuler.border": "#2c2c2c",
    "editorRuler.foreground": "#c7c7c726",
    "editorSuggestWidget.background": "#3a3a3a",
    "editorSuggestWidget.border": "#2c2c2c",
    "editorSuggestWidget.foreground": "#d5d5d5",
    "editorSuggestWidget.highlightForeground": "#f1f1f1",
    "editorSuggestWidget.selectedBackground": "#727272",
    "editorWarning.background": "#d9d32633",
    "editorWarning.foreground": "#d9d326",
    "editorWhitespace.foreground": "#808080",
    "editorWidget.background": "#484848",
    "editorWidget.border": "#2c2c2c",
    "editorWidget.resizeBorder": "#006600",
    "errorForeground": "#ff7575",
    "focusBorder": "#2c2c2c",
    "foreground": "#cbcbcb",
    "gitDecoration.addedResourceForeground": "#81b88b",
    "gitDecoration.deletedResourceForeground": "#c74e39",
    "gitDecoration.modifiedResourceForeground": "#e2c08d",
    "gitDecoration.untrackedResourceForeground": "#73c991",
    "input.background": "#3a3a3a",
    "inputOption.activeBackground": "#646464",
    "inputOption.hoverBackground": "#565656",
    "list.activeSelectionBackground": "#565656",
    "list.activeSelectionForeground": "#d5d5d5",
    "list.focusBackground": "#000000f0",
    "list.focusForeground": "#e3e3e3",
    "list.focusOutline": "#006600",
    "list.highlightForeground": "#f1f1f1",
    "list.hoverBackground": "#565656",
    "list.inactiveSelectionBackground": "#484848",
    "list.inactiveSelectionForeground": "#e3e3e3",
    "list.warningForeground": "#d9d326",
    "menu.background": "#3a3a3a",
    "menu.foreground": "#b9b9b9",
    "minimap.selectionHighlight": "#00660066",
    "notebook.cellBorderColor": "#484848",
    "notebook.cellEditorBackground": "#2c2c2c",
    "notebook.cellHoverBackground": "#484848",
    "notebook.focusedCellBorder": "#006600",
    "notebook.focusedEditorBorder": "#646464",
    "notebook.inactiveFocusedCellBorder": "#646464",
    "notebook.selectedCellBackground": "#3a3a3a",
    "panel.border": "#2c2c2c",
    "panelTitle.activeForeground": "#b9b9b9",
    "peekView.border": "#006600",
    "peekViewEditor.background": "#3a3a3a",
    "peekViewEditor.matchHighlightBackground": "#565656",
    "peekViewResult.background": "#3a3a3a",
    "peekViewResult.selectionBackground": "#565656",
    "peekViewTitle.background": "#3a3a3a",
    "peekViewTitleLabel.foreground": "#b9b9b9",
    "pickerGroup.foreground": "#cbcbcb",
    "progressBar.background": "#d9d326",
    "quickInputList.focusBackground": "#727272",
    "sash.hoverBorder": "#006600",
    "scrollbar.shadow": "#3a3a3a00",
    "scrollbarSlider.activeBackground": "#00660066",
    "scrollbarSlider.background": "#64646477",
    "scrollbarSlider.hoverBackground": "#72727288",
    "settings.dropdownForeground": "#cbcbcb",
    "settings.headerForeground": "#cbcbcb",
    "sideBar.background": "#2c2c2c",
    "sideBarSectionHeader.background": "#3a3a3a",
    "sideBySideEditor.horizontalBorder": "#484848",
    "sideBySideEditor.verticalBorder": "#2c2c2c",
    "statusBar.background": "#006600",
    "statusBar.debuggingBackground": "#9b2c2c",
    "statusBar.debuggingBorder": "#770000",
    "statusBar.debuggingForeground": "#fdf7f7",
    "statusBar.foreground": "#f5fff5",
    "statusBar.noFolderBackground": "#553c9a",
    "statusBar.noFolderForeground": "#ede9f6",
    "statusBarItem.hoverBackground": "#3a3a3a44",
    "statusBarItem.remoteBackground": "#660066",
    "statusBarItem.remoteForeground": "#fff5ff",
    "symbolIcon.booleanForeground": "#c5abf7",
    "symbolIcon.classForeground": "#9db9e7",
    "symbolIcon.colorForeground": "#c5abf7",
    "symbolIcon.constantForeground": "#ff9e9e",
    "symbolIcon.constructorForeground": "#04ccd7",
    "symbolIcon.enumeratorForeground": "#9db9e7",
    "symbolIcon.enumeratorMemberForeground": "#f0a875",
    "symbolIcon.fieldForeground": "#f0a875",
    "symbolIcon.functionForeground": "#42d79e",
    "symbolIcon.interfaceForeground": "#9db9e7",
    "symbolIcon.keyForeground": "#f0a875",
    "symbolIcon.keywordForeground": "#eea0e5",
    "symbolIcon.methodForeground": "#42d79e",
    "symbolIcon.moduleForeground": "#9db9e7",
    "symbolIcon.namespaceForeground": "#9db9e7",
    "symbolIcon.nullForeground": "#c5abf7",
    "symbolIcon.numberForeground": "#c5abf7",
    "symbolIcon.operatorForeground": "#e0e0b8",
    "symbolIcon.packageForeground": "#9db9e7",
    "symbolIcon.propertyForeground": "#f0a875",
    "symbolIcon.stringForeground": "#8fc78a",
    "symbolIcon.structForeground": "#9db9e7",
    "symbolIcon.textForeground": "#8fc78a",
    "symbolIcon.typeParameterForeground": "#04ccd7",
    "symbolIcon.unitForeground": "#c5abf7",
    "symbolIcon.variableForeground": "#e9e9e9",
    "tab.activeBackground": "#484848",
    "tab.activeForeground": "#e3e3e3",
    "tab.activeModifiedBorder": "#553c9a",
    "tab.border": "#2c2c2c",
    "tab.hoverBackground": "#565656",
    "tab.hoverBorder": "#53ac53",
    "tab.inactiveBackground": "#2c2c2c",
    "tab.inactiveForeground": "#8e8e8e",
    "tab.inactiveModifiedBorder": "#9b2c2c",
    "tab.unfocusedHoverBackground": "#4b4b4b",
    "terminal.ansiBlack": "#020203",
    "terminal.ansiBlue": "#9db9e7",
    "terminal.ansiBrightBlack": "#9d9d9d",
    "terminal.ansiBrightBlue": "#80caff",
    "terminal.ansiBrightCyan": "#04ccd7",
    "terminal.ansiBrightGreen": "#8fc78a",
    "terminal.ansiBrightMagenta": "#fc9cc4",
    "terminal.ansiBrightRed": "#ff9e9e",
    "terminal.ansiBrightWhite": "#f1f1f1",
    "terminal.ansiBrightYellow": "#e6d299",
    "terminal.ansiCyan": "#0fc6d7",
    "terminal.ansiGreen": "#42d79e",
    "terminal.ansiMagenta": "#eea0e5",
    "terminal.ansiRed": "#ff7575",
    "terminal.ansiWhite": "#cfcfcf",
    "terminal.ansiYellow": "#e0dc52",
    "terminal.foreground": "#cfcfcf",
    "textLink.foreground": "#89b971",
    "titleBar.activeBackground": "#2c2c2c",
    "titleBar.activeForeground": "#b9b9b9",
    "titleBar.inactiveBackground": "#2c2c2c",
    "titleBar.inactiveForeground": "#ababab",
    "widget.shadow": "#3a3a3a00"
  },
  "name": "Night Coder Ash",
  "semanticHighlighting": true,
  "semanticTokenColors": {
    "class": { "foreground": "#9db9e7" },
    "class.builtin": { "foreground": "#fc9cc4" },
    "class.defaultLibrary": { "foreground": "#fc9cc4" },
    "function": { "foreground": "#e6d299" },
    "function.builtin": { "foreground": "#80caff" },
    "function.declaration": { "foreground": "#42d79e" },
    "function.defaultLibrary": { "foreground": "#80caff" },
    "keyword": { "foreground": "#eea0e5" },
    "method": { "foreground": "#e6d299" },
    "method.builtin": { "foreground": "#80caff" },
    "method.declaration": { "foreground": "#42d79e" },
    "method.defaultLibrary": { "foreground": "#80caff" },
    "namespace": { "foreground": "#9db9e7" },
    "namespace.defaultLibrary": { "foreground": "#fc9cc4" },
    "operator": { "foreground": "#e0e0b8" },
    "parameter": { "foreground": "#e9e9e9" },
    "property": { "foreground": "#f0a875" },
    "string": { "foreground": "#8fc78a" },
    "struct": { "foreground": "#9db9e7" },
    "type": { "foreground": "#04ccd7" },
    "type.defaultLibrary": { "foreground": "#fc9cc4" },
    "variable": { "foreground": "#cbcbcb" },
    "variable.defaultLibrary": { "foreground": "#fc9cc4" },
    "variable.readonly": { "foreground": "#ff9e9e" }
  },
  "tokenColors": [
    {
      "name": "variable",
      "scope": [
        "variable.graphql",
        "variable.object.property",
        "variable.other.assignment",
        "variable.other.block.crystal",
        "variable.other.block",
        "variable.other.declaration",
        "variable.other.object.js.jsx",
        "variable.other.object.tsx",
        "variable.other.object",
        "variable.other.php",
        "variable.other.positional.shell",
        "variable.other.readwrite.instance.crystal",
        "variable.other.readwrite",
        "variable.other.ruby",
        "variable.other",
        "variable.scss"
      ],
      "settings": { "foreground": "#cbcbcb" }
    },
    {
      "name": "special variables",
      "scope": [
        "constant.other.caps",
        "source.shell variable.other",
        "variable.language.self",
        "variable.language.special.self",
        "variable.language.super",
        "variable.language.this",
        "variable.other.alias.yaml",
        "variable.other.class.php",
        "variable.other.constant",
        "variable.other.global.safer.php",
        "variable.other.readwrite.class.ruby",
        "variable.other.readwrite.instance.ruby",
        "variable.parameter.function.language.special.self",
        "variable.other.readwrite.instance.crystal",
        "variable.other.readwrite.module"
      ],
      "settings": { "foreground": "#ff9e9e" }
    },
    {
      "scope": ["entity.alias.import"],
      "settings": { "foreground": "#ff9e9e" }
    },
    {
      "name": "default library",
      "scope": [
        "support.variable",
        "support.constant.color",
        "support.type",
        "support.class",
        "support.other.namespace"
      ],
      "settings": { "foreground": "#fc9cc4" }
    },
    {
      "name": "default library functions and methods",
      "scope": [
        "meta.method.declaration.js storage.type.js",
        "support.function"
      ],
      "settings": { "foreground": "#80caff" }
    },
    {
      "name": "undecided",
      "scope": [
        "meta.generic-where-clause.swift",
        "meta.arguments.attribute.swift"
      ],
      "settings": { "foreground": "#d1b485" }
    },
    {
      "name": "non variable constant",
      "scope": ["constant", "support.constant", "keyword.other.unit"],
      "settings": { "foreground": "#c5abf7" }
    },
    {
      "name": "property, key",
      "scope": [
        "meta.object-literal.key",
        "variable.other.property.js.jsx",
        "variable.other.property.tsx",
        "variable.other.object.property",
        "variable.other.property",
        "support.type.property-name"
      ],
      "settings": { "foreground": "#f0a875" }
    },
    {
      "name": "parameter",
      "scope": ["meta.function-call.arguments", "variable.parameter"],
      "settings": { "foreground": "#e9e9e9" }
    },
    {
      "name": "function, method",
      "scope": ["entity.name.function"],
      "settings": { "foreground": "#42d79e" }
    },
    {
      "name": "function call",
      "scope": [
        "entity.name.function-call",
        "entity.name.function.call",
        "meta.function-call",
        "meta.method-call entity.name.function",
        "meta.function-call entity.name.function",
        "meta.function.call entity.name.function"
      ],
      "settings": { "foreground": "#e6d299" }
    },
    {
      "name": "keyword",
      "scope": [
        "keyword.control.module",
        "keyword.control",
        "keyword.operator.expression.of",
        "keyword.operator.new",
        "keyword.other.special-method",
        "keyword.type.go",
        "keyword",
        "keyword storage.type",
        "storage.modifier",
        "storage.type.class",
        "storage.type.function",
        "storage.type.interface",
        "storage.type.type"
      ],
      "settings": { "foreground": "#eea0e5" }
    },
    {
      "name": "namespace, type, struct, class, module",
      "scope": [
        "entity.name.package",
        "entity.name.type",
        "entity.name.class",
        "entity.name.namespace",
        "entity.name.module",
        "entity.name.scope-resolution",
        "storage.modifier.package.java",
        "meta.inheritance-clause",
        "entity.other.inherited-class"
      ],
      "settings": { "foreground": "#9db9e7" }
    },
    {
      "name": "logical and comparison operators",
      "scope": [
        "keyword.operator.comparison",
        "keyword.operator.logical, keyword.operator.relational"
      ],
      "settings": { "foreground": "#b8e0c8" }
    },
    {
      "name": "types",
      "scope": ["storage.type", "keyword.type"],
      "settings": { "foreground": "#04ccd7" }
    },
    {
      "name": "operators",
      "scope": ["keyword.operator"],
      "settings": { "foreground": "#e0e0b8" }
    },
    {
      "name": "String",
      "scope": [
        "source.elixir.embedded.source",
        "storage.modifier.import.java",
        "string.quoted.double",
        "string",
        "meta.import entity.name.namespace",
        "meta.use entity.name.namespace",
        "meta.use entity.name.type"
      ],
      "settings": { "foreground": "#8fc78a" }
    },
    {
      "name": "Import",
      "scope": [
        "storage.modifier.import.java",
        "meta.import entity.name.namespace",
        "meta.use entity.name.namespace",
        "meta.use entity.name.type"
      ],
      "settings": { "foreground": "#8fc78a" }
    },
    {
      "name": "embedded punctuation",
      "scope": [
        "punctuation.definition.template-expression",
        "punctuation.section.embedded",
        "punctuation.definition.interpolation"
      ],
      "settings": { "foreground": "#ff9e9e" }
    },
    {
      "name": "punctuation",
      "scope": ["meta.brace"],
      "settings": { "foreground": "#b9b9b9" }
    },
    {
      "name": "documentation comments",
      "scope": [
        "comment.documentation",
        "comment.block.documentation",
        "string.quoted.docstring.multi.python",
        "comment.block.documentation punctuation.definition.comment"
      ],
      "settings": { "foreground": "#b9b9b9" }
    },
    {
      "scope": [
        "comment",
        "punctuation.definition.comment",
        "punctuation.whitespace.comment.leading.graphql"
      ],
      "settings": { "fontStyle": "italic", "foreground": "#646464" }
    },
    {
      "scope": ["comment.wildcard", "meta.jsx.children"],
      "settings": { "foreground": "#cbcbcb" }
    },
    {
      "name": "annotation comments",
      "scope": [
        "comment.line.number-sign.flag.po",
        "comment storage.type.class.po",
        "storage.type.annotation",
        "meta.attribute.rust"
      ],
      "settings": { "foreground": "#d1b485" }
    },
    {
      "name": "l1 json",
      "scope": ["support.type.property-name.json"],
      "settings": { "foreground": "#f0a875" }
    },
    {
      "name": "l2 json",
      "scope": [
        "meta.structure.dictionary.value support.type.property-name.json"
      ],
      "settings": { "foreground": "#eea0e5" }
    },
    {
      "name": "l3 json",
      "scope": [
        "meta.structure.dictionary.value meta.structure.dictionary.value support.type.property-name.json"
      ],
      "settings": { "foreground": "#04ccd7" }
    },
    {
      "name": "l4 json",
      "scope": [
        "meta.structure.dictionary.value meta.structure.dictionary.value meta.structure.dictionary.value support.type.property-name.json"
      ],
      "settings": { "foreground": "#e6d299" }
    },
    {
      "name": "l5 json",
      "scope": [
        "meta.structure.dictionary.value meta.structure.dictionary.value meta.structure.dictionary.value meta.structure.dictionary.value support.type.property-name.json"
      ],
      "settings": { "foreground": "#fc9cc4" }
    },
    {
      "name": "l6 json",
      "scope": [
        "meta.structure.dictionary.value meta.structure.dictionary.value meta.structure.dictionary.value meta.structure.dictionary.value meta.structure.dictionary.value support.type.property-name.json"
      ],
      "settings": { "foreground": "#80caff" }
    },
    {
      "name": "l7 json",
      "scope": [
        "meta.structure.dictionary.value meta.structure.dictionary.value meta.structure.dictionary.value meta.structure.dictionary.value meta.structure.dictionary.value meta.structure.dictionary.value support.type.property-name.json"
      ],
      "settings": { "foreground": "#9db9e7" }
    },
    {
      "name": "l8 json",
      "scope": [
        "meta.structure.dictionary.value meta.structure.dictionary.value meta.structure.dictionary.value meta.structure.dictionary.value meta.structure.dictionary.value meta.structure.dictionary.value meta.structure.dictionary.value support.type.property-name.json"
      ],
      "settings": { "foreground": "#ff9e9e" }
    },
    {
      "name": "l9 json",
      "scope": [
        "meta.structure.dictionary.value meta.structure.dictionary.value meta.structure.dictionary.value meta.structure.dictionary.value meta.structure.dictionary.value meta.structure.dictionary.value meta.structure.dictionary.value meta.structure.dictionary.value support.type.property-name.json"
      ],
      "settings": { "foreground": "#d1b485" }
    },
    {
      "name": "l10 json",
      "scope": [
        "meta.structure.dictionary.value meta.structure.dictionary.value meta.structure.dictionary.value meta.structure.dictionary.value meta.structure.dictionary.value meta.structure.dictionary.value meta.structure.dictionary.value meta.structure.dictionary.value meta.structure.dictionary.value support.type.property-name.json"
      ],
      "settings": { "foreground": "#e0dc52" }
    },
    {
      "name": "l11 json",
      "scope": [
        "meta.structure.dictionary.value meta.structure.dictionary.value meta.structure.dictionary.value meta.structure.dictionary.value meta.structure.dictionary.value meta.structure.dictionary.value meta.structure.dictionary.value meta.structure.dictionary.value meta.structure.dictionary.value meta.structure.dictionary.value support.type.property-name.json"
      ],
      "settings": { "foreground": "#f0a875" }
    },
    {
      "scope": ["meta.tag.metadata", "markup.underline.link"],
      "settings": { "foreground": "#eea0e5" }
    },
    {
      "scope": [
        "meta.tag.metadata.link",
        "string.other.link.title.markdown",
        "string.other.link.description.markdown"
      ],
      "settings": { "foreground": "#42d79e" }
    },
    { "scope": ["markup.italic"], "settings": { "foreground": "#b8e0c8" } },
    {
      "scope": ["punctuation.definition.tag"],
      "settings": { "foreground": "#8e8e8e" }
    },
    {
      "scope": [
        "meta.tag.inline",
        "entity.name.tag.js.jsx",
        "entity.name.tag.tsx"
      ],
      "settings": { "foreground": "#80caff" }
    },
    { "scope": ["meta.tag.object"], "settings": { "foreground": "#fc9cc4" } },
    {
      "scope": [
        "meta.tag.metadata.style",
        "source.vue entity.name.tag.style.html"
      ],
      "settings": { "foreground": "#9db9e7" }
    },
    {
      "scope": [
        "meta.tag.metadata.script",
        "source.vue entity.name.tag.script.html"
      ],
      "settings": { "foreground": "#e0dc52" }
    },
    { "scope": ["meta.tag.custom"], "settings": { "foreground": "#c5abf7" } },
    {
      "scope": [
        "meta.tag.structure",
        "meta.tag",
        "entity.name.tag.yaml",
        "keyword.key.toml",
        "markup.fenced_code.block",
        "markup.inline.raw.string",
        "fenced_code.block.language",
        "markup.raw.block",
        "keyword.other.definition.ini"
      ],
      "settings": { "foreground": "#f0a875" }
    },
    {
      "scope": [
        "entity.other.attribute-name",
        "meta.selector.css",
        "source.css.scss entity.name.tag.css"
      ],
      "settings": { "foreground": "#e6d299" }
    },
    {
      "scope": ["heading", "entity.name.section.group-title"],
      "settings": { "foreground": "#e6d299" }
    },
    {
      "scope": [
        "invalid.illegal.tag-handle.yaml",
        "text.html.markdown entity.name.tag.html",
        "text.html.markdown punctuation.definition.tag",
        "meta.tag.other.unrecognized",
        "source.vue entity.name.tag.template.html"
      ],
      "settings": { "foreground": "#ff9e9e" }
    },
    {
      "scope": ["markup.bold", "punctuation.definition.bold"],
      "settings": { "fontStyle": "bold" }
    },
    {
      "scope": [
        "markup.italic",
        "punctuation.definition.italic",
        "markup.quote.markdown"
      ],
      "settings": { "fontStyle": "italic" }
    }
  ]
}
