{
  "background": "#2c2c2c",
  "cursorColor": "#f1f1f1",
  "foreground": "#cfcfcf",
  "name": "Night Coder Ash",
  "selectionBackground": "#f1f1f1",
  "black": "#020203",
  "blue": "#9db9e7",
  "cyan": "#0fc6d7",
  "green": "#42d79e",
  "purple": "#eea0e5",
  "red": "#ff7575",
  "white": "#cfcfcf",
  "yellow": "#e0dc52",
  "brightBlack": "#9d9d9d",
  "brightBlue": "#80caff",
  "brightCyan": "#04ccd7",
  "brightGreen": "#8fc78a",
  "brightPurple": "#fc9cc4",
  "brightRed": "#ff9e9e",
  "brightWhite": "#f1f1f1",
  "brightYellow": "#e6d299"
}
